County,Total_All_Schools,TXST,UT Austin,Texas A&M,Texas Tech,Stephen F. Austin,UTSA,UNT,UH,Has_Data,Dominant_School,Dominant_Enrollment,Dominant_Share,TXST_Market_Share,College_Ready_Rate,TSI_Ready_Rate,Participation_Rate,High_Academic_Performance,Low_TXST_Presence,Large_Market,High_Participation,Prime_Target,Academic_Score,Market_Score,TXST_Gap_Score,Participation_Score,Strategic_Opportunity_Score,Opportunity_Tier
ECTOR,4939.0,67.0,87.0,57.0,246.0,0.0,86.0,52.0,0.0,True,Texas Tech,246.0,4.980765337112776,1.356549908888439,39.166666666666664,45.36666666666667,90.6,True,True,True,True,True,78.33333333333333,71.52995075294417,98.64345009111156,90.6,81.5810085774389,Tier 1: Prime Target
COLLIN,44777.0,969.0,3054.0,3219.0,2713.0,464.0,125.0,3253.0,332.0,True,UNT,3253.0,7.264890457154342,2.164057440203676,30.573333333333338,45.10666666666667,84.38000000000001,True,True,True,True,True,61.14666666666667,90.06903676644329,97.83594255979632,84.38000000000001,79.48456620855892,Tier 1: Prime Target
DENTON,23678.0,448.0,945.0,1427.0,1401.0,218.0,58.0,3551.0,141.0,True,UNT,3551.0,14.99704366922882,1.8920516935551988,27.914285714285715,40.535714285714285,78.80000000000001,True,True,True,True,True,55.82857142857143,84.71064587771635,98.1079483064448,78.80000000000001,75.24621199603244,Tier 1: Prime Target
BRAZOS,5170.0,117.0,172.0,1212.0,29.0,41.0,31.0,56.0,11.0,True,Texas A&M,1212.0,23.44294003868472,2.263056092843327,29.65,43.75,63.7,True,True,True,False,True,59.3,71.91430429951751,97.73694390715667,63.7,71.2116800712866,Tier 1: Prime Target
KENDALL,2720.0,197.0,122.0,319.0,270.0,0.0,300.0,19.0,5.0,True,Texas A&M,319.0,11.727941176470589,7.24264705882353,26.5,40.3,75.5,True,True,True,True,True,53.0,66.51438150154297,92.75735294117646,75.5,67.25578503869818,Tier 1: Prime Target
GREGG,4276.0,19.0,41.0,138.0,19.0,123.0,0.0,58.0,0.0,True,Texas A&M,138.0,3.2273152478952296,0.4443405051449953,25.8,34.34285714285714,46.0125,True,True,True,False,True,51.6,70.31792423737203,99.555659494855,46.0125,66.2477591701826,Tier 1: Prime Target
